-- phpMyAdmin SQL Dump
-- version 4.1.14
-- http://www.phpmyadmin.net
--
-- Host: 127.0.0.1
-- Generation Time: 2015-10-16 12:32:56
-- 服务器版本： 5.6.17
-- PHP Version: 5.5.12

SET SQL_MODE = "NO_AUTO_VALUE_ON_ZERO";
SET time_zone = "+00:00";


/*!40101 SET @OLD_CHARACTER_SET_CLIENT=@@CHARACTER_SET_CLIENT */;
/*!40101 SET @OLD_CHARACTER_SET_RESULTS=@@CHARACTER_SET_RESULTS */;
/*!40101 SET @OLD_COLLATION_CONNECTION=@@COLLATION_CONNECTION */;
/*!40101 SET NAMES utf8 */;

--
-- Database: `apksec`
--

-- --------------------------------------------------------

--
-- 表的结构 `analysis`
--

CREATE TABLE IF NOT EXISTS `analysis` (
  `id` int(11) NOT NULL AUTO_INCREMENT COMMENT '序号',
  `fileid` int(11) NOT NULL COMMENT 'file表ID',
  `riskid` int(11) NOT NULL COMMENT 'risk表ID',
  `result` text COMMENT '分析结果',
  `verdict` tinyint(4) NOT NULL DEFAULT '0' COMMENT '分析结论',
  PRIMARY KEY (`id`)
) ENGINE=InnoDB  DEFAULT CHARSET=utf8 COMMENT='分析结果表' AUTO_INCREMENT=1186 ;

--
-- 转存表中的数据 `analysis`
--

INSERT INTO `analysis` (`id`, `fileid`, `riskid`, `result`, `verdict`) VALUES
(457, 12, 4, '无', 1),
(458, 12, 15, '无', 1),
(459, 12, 22, '无', 1),
(460, 12, 5, 'Java文件总数:191. A.java类型文件数:0; AB.java类型文件数:0.<br>代码混淆率为:0.0%.', 2),
(461, 12, 14, '无', 1),
(462, 12, 1, '无', 1),
(463, 12, 7, 'Package: com.qihoo.checkextracrash<br>  com.qihoo.checkextracrash.MainActivity<br>    Permission: null<br><br>', 2),
(464, 12, 26, 'Attack Surface:<br>  1 activities exported<br>  0 broadcast receivers exported<br>  0 content providers exported<br>  0 services exported<br>    is debuggable<br>', 2),
(465, 12, 9, 'Package: com.qihoo.checkextracrash<br>  No matching receivers.<br><br>', 1),
(466, 12, 10, '', 1),
(467, 12, 2, 'Not Vulnerable:<br>  No non-vulnerable URIs found.<br><br>Vulnerable Providers:<br>  No vulnerable providers found.<br>', 2),
(468, 12, 27, 'Not Vulnerable:<br>  No non-vulnerable URIs found.<br><br>Injection in Projection:<br>  No vulnerabilities found.<br><br>Injection in Selection:<br>  No vulnerabilities found.<br>', 1),
(469, 12, 8, 'Package: com.qihoo.checkextracrash<br>  No exported services.<br><br>', 1),
(470, 12, 25, '无', 1),
(471, 12, 12, '无', 2),
(472, 12, 23, '无', 1),
(473, 12, 24, '无', 1),
(474, 13, 4, '无', 1),
(475, 13, 15, '无', 1),
(476, 13, 22, '<b style="color:red">android.permission.CAMERA</b>', 2),
(477, 13, 5, 'Java文件总数:2894. A.java类型文件数:117; AB.java类型文件数:13.<br>代码混淆率为:4.49%.', 2),
(478, 13, 14, '无', 1),
(479, 13, 1, '无', 1),
(480, 13, 7, 'Package: com.nd.android.u.oap.sass<br>  com.nd.android.u.cloud.activity.SplashActivity<br>    Permission: null<br>  com.nd.android.u.chat.ui.ChatActivity<br>    Permission: null<br><br>', 2),
(481, 13, 26, 'Attack Surface:<br>  2 activities exported<br>  1 broadcast receivers exported<br>  0 content providers exported<br>  1 services exported<br>', 2),
(482, 13, 9, 'Package: com.nd.android.u.oap.sass<br>  com.nd.android.u.cloud.service.ServiceReceiver<br>    Permission: null<br><br>', 2),
(483, 13, 10, '', 1),
(484, 13, 2, 'Not Vulnerable:<br>  content://telephony/carriers/preferapn/<br>  content://com.sina.weibo.sdkProvider/query/package<br>  content://icc/adn<br>  content://icc/adn/<br>  content://com.sina.weibo.sdkProvider/query/package/<br>  content://telephony/carriers/preferapn<br><br>Vulnerable Providers:<br>  No vulnerable providers found.<br>', 2),
(485, 13, 27, 'Not Vulnerable:<br>  content://telephony/carriers/preferapn/<br>  content://com.sina.weibo.sdkProvider/query/package<br>  content://icc/adn<br>  content://icc/adn/<br>  content://com.sina.weibo.sdkProvider/query/package/<br>  content://telephony/carriers/preferapn<br><br>Injection in Projection:<br>  No vulnerabilities found.<br><br>Injection in Selection:<br>  No vulnerabilities found.<br>', 1),
(486, 13, 8, 'Package: com.nd.android.u.oap.sass<br>  com.nd.android.u.cloud.service.ReceiveMessageService<br>    Permission: null<br><br>', 2),
(487, 13, 25, '<b style="color:red">android.permission.READ_LOGS</b><br><b style="color:red">android.permission.READ_CONTACTS</b><br><b style="color:red">android.permission.CALL_PHONE</b><br>', 2),
(488, 13, 12, '无', 2),
(489, 13, 23, '无', 1),
(490, 13, 24, '<b style="color:red">android.permission.WAKE_LOCK</b>', 2),
(491, 14, 4, '无', 1),
(492, 14, 15, '无', 1),
(493, 14, 22, '<b style="color:red">android.permission.CAMERA</b>', 2),
(494, 14, 5, 'Java文件总数:6329. A.java类型文件数:3517; AB.java类型文件数:1986.<br>代码混淆率为:86.95%.', 1),
(495, 14, 14, '无', 1),
(496, 14, 1, 'w:wwwroot/Uploads/2015-08-25e4eaa1a25098f10c51de3c72e2550b49jadDestDircomqihooappstorevideoVideoWebView.java<br>w:wwwroot/Uploads/2015-08-25e4eaa1a25098f10c51de3c72e2550b49jadDestDircomqihooappstorewebviewMyWebView.java<br>', 2),
(497, 14, 7, '', 1),
(498, 14, 26, '', 2),
(499, 14, 9, '', 1),
(500, 14, 10, '', 1),
(501, 14, 2, '', 1),
(502, 14, 27, '', 1),
(503, 14, 8, '', 1),
(504, 14, 25, '<b style="color:red">android.permission.WRITE_CONTACTS</b><br><b style="color:red">android.permission.READ_LOGS</b><br><b style="color:red">android.permission.READ_CONTACTS</b><br><b style="color:red">android.permission.CALL_PHONE</b><br><b style="color:red">android.permission.ACCESS_FINE_LOCATION</b><br><b style="color:red">android.permission.WRITE_SMS</b><br>', 2),
(505, 14, 12, '无', 2),
(506, 14, 23, '<b style="color:red">android.permission.SEND_SMS</b><br><b style="color:red">android.permission.WRITE_SMS</b><br><b style="color:red">android.permission.RECEIVE_SMS</b><br><b style="color:red">android.permission.READ_SMS</b><br>', 2),
(507, 14, 24, '<b style="color:red">android.permission.WAKE_LOCK</b>', 2),
(508, 16, 4, '无', 1),
(509, 16, 15, '无', 1),
(510, 16, 22, '无', 1),
(511, 16, 5, 'Java文件总数:2648. A.java类型文件数:72; AB.java类型文件数:93.<br>代码混淆率为:6.23%.', 2),
(512, 16, 14, '无', 1),
(513, 16, 1, 'w:wwwroot/Uploads/2015-08-264df3c667705adac358f0773ec6d4c51fjadDestDircom\ndup91module\readerMuPDFReflowView.java<br>', 2),
(514, 16, 7, 'Package: com.nd.up91.industry.p86<br>  com.nd.up91.industry.view.SplashDefaultActivity<br>    Permission: null<br>  com.nd.up91.industry.view.SplashActivity<br>    Permission: null<br><br>', 2),
(515, 16, 26, 'Attack Surface:<br>  2 activities exported<br>  0 broadcast receivers exported<br>  0 content providers exported<br>  0 services exported<br>    is debuggable<br>', 2),
(516, 16, 9, 'Package: com.nd.up91.industry.p86<br>  No matching receivers.<br><br>', 1),
(517, 16, 10, '', 1),
(518, 16, 2, 'Not Vulnerable:<br>  content://com.android.contacts/<br>  content://telephony/carriers/preferapn/<br>  content://com.nd.up91.industry.p86.IndustryEduProvider/<br>  content://com.nd.up91.industry.p86.IndustryEduProvider/integrityCheck/<br>  content://com.android.contacts<br>  content://com.nd.up91.industry.p86.downloadCenter/<br>  content://com.nd.up91.industry.p86.IndustryEduProvider/integrityCheck<br>  content://com.nd.up91.industry.p86.downloadCenter<br>  content://com.nd.up91.industry.p86.IndustryEduProvider<br>  content://telephony/carriers/preferapn<br><br>Vulnerable Providers:<br>  No vulnerable providers found.<br>', 2),
(519, 16, 27, 'Not Vulnerable:<br>  content://com.android.contacts/<br>  content://telephony/carriers/preferapn/<br>  content://com.nd.up91.industry.p86.IndustryEduProvider/<br>  content://com.nd.up91.industry.p86.IndustryEduProvider/integrityCheck/<br>  content://com.android.contacts<br>  content://com.nd.up91.industry.p86.downloadCenter/<br>  content://com.nd.up91.industry.p86.IndustryEduProvider/integrityCheck<br>  content://com.nd.up91.industry.p86.downloadCenter<br>  content://com.nd.up91.industry.p86.IndustryEduProvider<br>  content://telephony/carriers/preferapn<br><br>Injection in Projection:<br>  No vulnerabilities found.<br><br>Injection in Selection:<br>  No vulnerabilities found.<br>', 1),
(520, 16, 8, 'Package: com.nd.up91.industry.p86<br>  No exported services.<br><br>', 1),
(521, 16, 25, '<b style="color:red">android.permission.READ_LOGS</b><br>', 2),
(522, 16, 12, '无', 2),
(523, 16, 23, '无', 1),
(524, 16, 24, '<b style="color:red">android.permission.WAKE_LOCK</b>', 2),
(525, 17, 4, '无', 1),
(526, 17, 15, '无', 1),
(527, 17, 22, '无', 1),
(528, 17, 5, 'Java文件总数:592. A.java类型文件数:22; AB.java类型文件数:76.<br>代码混淆率为:16.55%.', 2),
(529, 17, 14, '无', 1),
(530, 17, 1, '无', 1),
(531, 17, 7, 'Package: com.starc.interaction<br>  com.starc.interaction.main.MainActivity<br>    Permission: null<br><br>', 2),
(532, 17, 26, 'Attack Surface:<br>  1 activities exported<br>  2 broadcast receivers exported<br>  0 content providers exported<br>  0 services exported<br>    is debuggable<br>', 2),
(533, 17, 9, 'Package: com.starc.interaction<br>  com.starc.interaction.wifi.judgewificonnection.NetConnectionChangeReceiver<br>    Permission: null<br>  com.starc.interaction.bootstart.BootCompletedReceiver<br>    Permission: null<br><br>', 2),
(534, 17, 10, '', 1),
(535, 17, 2, 'Not Vulnerable:<br>  content://downloads/public_downloads/<br>  content://downloads/public_downloads<br><br>Vulnerable Providers:<br>  No vulnerable providers found.<br>', 2),
(536, 17, 27, 'Not Vulnerable:<br>  content://downloads/public_downloads/<br>  content://downloads/public_downloads<br><br>Injection in Projection:<br>  No vulnerabilities found.<br><br>Injection in Selection:<br>  No vulnerabilities found.<br>', 1),
(537, 17, 8, 'Package: com.starc.interaction<br>  No exported services.<br><br>', 1),
(538, 17, 25, '无', 1),
(539, 17, 12, '无', 2),
(540, 17, 23, '无', 1),
(541, 17, 24, '<b style="color:red">android.permission.WAKE_LOCK</b>', 2),
(542, 18, 4, '无', 1),
(543, 18, 15, '无', 1),
(544, 18, 22, '<b style="color:red">android.permission.CAMERA</b>', 2),
(545, 18, 5, 'Java文件总数:1107. A.java类型文件数:0; AB.java类型文件数:0.<br>代码混淆率为:0.0%.', 2),
(546, 18, 14, '无', 1),
(547, 18, 1, '无', 1),
(548, 18, 7, 'Package: com.nd.pad.smartcamera<br>  com.nd.pad.smartcamera.CameraActivity<br>    Permission: null<br>  com.android.camera.CameraLauncher<br>    Permission: null<br>    Target Activity: com.nd.pad.smartcamera.CameraActivity<br>  com.android.camera.VideoCamera<br>    Permission: null<br>    Target Activity: com.nd.pad.smartcamera.CameraActivity<br>  com.nd.pad.smartcamera.SecureCameraActivity<br>    Permission: null<br><br>', 2),
(549, 18, 26, 'Attack Surface:<br>  4 activities exported<br>  1 broadcast receivers exported<br>  0 content providers exported<br>  0 services exported<br>    is debuggable<br>', 2),
(550, 18, 9, 'Package: com.nd.pad.smartcamera<br>  com.nd.pad.smartcamera.DisableCameraReceiver<br>    Permission: null<br><br>', 2),
(551, 18, 10, '', 1),
(552, 18, 2, 'Not Vulnerable:<br>  content://me.abitno.vplayer.mediaprovider/videos/thumbnails<br>  content://com.nd.pad.sdk.monitor.entity.servertime/#/2<br>  content://me.abitno.vplayer.mediaprovider/videos/thumbnails/<br>  content://me.abitno.vplayer.mediaprovider/audios/media/<br>  content://me.abitno.vplayer.mediaprovider/videos/media<br>  content://me.abitno.vplayer.mediaprovider/<br>  content://me.abitno.vplayer.mediaprovider/videos/media/<br>  content://me.abitno.vplayer.mediaprovider/volume/<br>  content://me.abitno.vplayer.mediaprovider/media_scanner<br>  content://com.nd.pad.sdk.monitor.entity.servertime/#/2 = <br>  content://me.abitno.vplayer.mediaprovider/media_scanner/<br>  content://me.abitno.vplayer.mediaprovider/audios/media<br>  content://media/external/video/media<br>  content://com.nd.pad.sdk.monitor.entity.servertime/#/2 = /<br>  content://com.nd.pad.sdk.oauth.keyvalue/keyvaluetable/<br>  content://me.abitno.vplayer.mediaprovider/volume<br>  content://media/external/video/media/<br>  content://com.nd.pad.sdk.monitor.entity.servertime/#/2/<br>  content://com.nd.pad.sdk.oauth.keyvalue/keyvaluetable<br>  content://me.abitno.vplayer.mediaprovider<br><br>Vulnerable Providers:<br>  No vulnerable providers found.<br>', 2),
(553, 18, 27, 'Not Vulnerable:<br>  content://me.abitno.vplayer.mediaprovider/videos/thumbnails<br>  content://com.nd.pad.sdk.monitor.entity.servertime/#/2<br>  content://me.abitno.vplayer.mediaprovider/videos/thumbnails/<br>  content://me.abitno.vplayer.mediaprovider/audios/media/<br>  content://me.abitno.vplayer.mediaprovider/videos/media<br>  content://me.abitno.vplayer.mediaprovider/<br>  content://me.abitno.vplayer.mediaprovider/videos/media/<br>  content://me.abitno.vplayer.mediaprovider/volume<br>  content://me.abitno.vplayer.mediaprovider/media_scanner<br>  content://me.abitno.vplayer.mediaprovider/media_scanner/<br>  content://me.abitno.vplayer.mediaprovider/audios/media<br>  content://media/external/video/media<br>  content://com.nd.pad.sdk.monitor.entity.servertime/#/2 = /<br>  content://com.nd.pad.sdk.monitor.entity.servertime/#/2 = <br>  content://media/external/video/media/<br>  content://com.nd.pad.sdk.monitor.entity.servertime/#/2/<br>  content://me.abitno.vplayer.mediaprovider<br>  content://me.abitno.vplayer.mediaprovider/volume/<br><br>Injection in Projection:<br>  No vulnerabilities found.<br><br>Injection in Selection:<br>  content://com.nd.pad.sdk.oauth.keyvalue/keyvaluetable/<br>  content://com.nd.pad.sdk.oauth.keyvalue/keyvaluetable<br>', 1),
(554, 18, 8, 'Package: com.nd.pad.smartcamera<br>  No exported services.<br><br>', 1),
(555, 18, 25, '<b style="color:red">android.permission.READ_CONTACTS</b><br><b style="color:red">android.permission.ACCESS_FINE_LOCATION</b><br>', 2),
(556, 18, 12, '无', 2),
(557, 18, 23, '无', 1),
(558, 18, 24, '<b style="color:red">android.permission.WAKE_LOCK</b>', 2),
(559, 19, 4, '无', 1),
(560, 19, 15, '无', 1),
(561, 19, 22, '<b style="color:red">android.permission.CAMERA</b>', 2),
(562, 19, 5, 'Java文件总数:3649. A.java类型文件数:146; AB.java类型文件数:152.<br>代码混淆率为:8.17%.', 2),
(563, 19, 14, '无', 1),
(564, 19, 1, 'w:wwwroot/Uploads/2015-10-09fc201de348648c8b9dafeaa98c71a1b8jadDestDirorgapachecordovaCordovaWebView.java<br>', 2),
(565, 19, 7, 'Package: com.nd.sdp.star<br>  com.nd.sdp.star.view.activity.StartShowActivity<br>    Permission: null<br>  com.nd.smartcan.appfactory.html.WebViewActivity<br>    Permission: null<br>  com.nd.android.weiboui.activity.MicroblogComposeActivity<br>    Permission: null<br>  com.nd.up91.industry.view.SplashDefaultActivity<br>    Permission: null<br>  com.nd.up91.industry.view.SplashActivity<br>    Permission: null<br><br>', 2),
(566, 19, 26, 'Attack Surface:<br>  5 activities exported<br>  6 broadcast receivers exported<br>  0 content providers exported<br>  2 services exported<br>', 2),
(567, 19, 9, 'Package: com.nd.sdp.star<br>  com.umeng.message.SystemReceiver<br>    Permission: null<br>  com.umeng.message.MessageReceiver<br>    Permission: null<br>  com.umeng.message.ElectionReceiver<br>    Permission: null<br>  com.umeng.message.UmengMessageBootReceiver<br>    Permission: null<br>  com.nd.schoollife.ui.community.broadcast.ForumListChangeReciver<br>    Permission: null<br>  com.nd.social.component.voting.recevier.LocaleChangeReceiver<br>    Permission: null<br><br>', 2),
(568, 19, 10, '', 1),
(569, 19, 2, 'Not Vulnerable:<br>  content://com.android.contacts/<br>  content://com.android.launcher.settings/favorites?notify=true<br>  content://com.nd.sdp.star.provider.IndustryEduProvider<br>  content://com.nd.sdp.star.provider.IndustryEduProvider/<br>  content://com.android.launcher2.settings/favorites?notify=true<br>  content:///*<br>  content://com.android.launcher.settings/favorites?notify=true/<br>  content://downloads/public_downloads<br>  content://com.nd.sdp.star.downloadCenter<br>  content://com.nd.pad.smartcan.framework/account_info/<br>  content:///*/<br>  content://com.android.launcher2.settings/favorites?notify=true/<br>  content://telephony/carriers/preferapn/<br>  content://com.alipay.mobilesecuritysdk.deviceID.DeviceContentProvider<br>  content://com.android.contacts<br>  content://com.nd.pad.smartcan.framework/account_info<br>  content://downloads/public_downloads/<br>  content://com.nd.sdp.star.downloadCenter/<br>  content://com.alipay.mobilesecuritysdk.deviceID.DeviceContentProvider/<br>  content://telephony/carriers/preferapn<br><br>Vulnerable Providers:<br>  No vulnerable providers found.<br>', 2),
(570, 19, 27, 'Not Vulnerable:<br>  content://com.android.contacts/<br>  content://com.android.launcher.settings/favorites?notify=true<br>  content://com.nd.sdp.star.provider.IndustryEduProvider<br>  content://com.nd.sdp.star.provider.IndustryEduProvider/<br>  content://com.android.launcher2.settings/favorites?notify=true<br>  content:///*<br>  content://com.android.launcher.settings/favorites?notify=true/<br>  content://downloads/public_downloads<br>  content://com.nd.sdp.star.downloadCenter<br>  content://com.nd.pad.smartcan.framework/account_info/<br>  content:///*/<br>  content://telephony/carriers/preferapn/<br>  content://com.alipay.mobilesecuritysdk.deviceID.DeviceContentProvider<br>  content://com.android.launcher2.settings/favorites?notify=true/<br>  content://com.nd.pad.smartcan.framework/account_info<br>  content://downloads/public_downloads/<br>  content://com.nd.sdp.star.downloadCenter/<br>  content://com.alipay.mobilesecuritysdk.deviceID.DeviceContentProvider/<br>  content://com.android.contacts<br>  content://telephony/carriers/preferapn<br><br>Injection in Projection:<br>  No vulnerabilities found.<br><br>Injection in Selection:<br>  No vulnerabilities found.<br>', 1),
(571, 19, 8, 'Package: com.nd.sdp.star<br>  com.umeng.message.UmengService<br>    Permission: null<br>  com.umeng.message.UmengMessageIntentReceiverService<br>    Permission: null<br><br>', 2),
(572, 19, 25, '<b style="color:red">android.permission.READ_LOGS</b><br><b style="color:red">android.permission.READ_CONTACTS</b><br><b style="color:red">android.permission.CALL_PHONE</b><br>', 2),
(573, 19, 12, '无', 2),
(574, 19, 23, '无', 1),
(575, 19, 24, '<b style="color:red">android.permission.WAKE_LOCK</b>', 2),
(576, 20, 4, '无', 1),
(577, 20, 15, '无', 1),
(578, 20, 22, '<b style="color:red">android.permission.CAMERA</b>', 2),
(579, 20, 5, 'Java文件总数:3401. A.java类型文件数:8; AB.java类型文件数:0.<br>代码混淆率为:0.24%.', 2),
(580, 20, 14, '无', 1),
(581, 20, 1, 'w:wwwroot/Uploads/2015-10-092b2e2d9a335206a3010fa98aa314686fjadDestDircom\ndsocialcomponent\noticeviewsNoticeRefreshWebView.java<br>w:wwwroot/Uploads/2015-10-092b2e2d9a335206a3010fa98aa314686fjadDestDirorgapachecordovaCordovaWebView.java<br>', 2),
(582, 20, 7, 'Package: com.nd.app.factory.imapp0<br>  com.nd.smartcan.appfactory.demo.SplashActivity<br>    Permission: null<br>  com.tencent.tauth.AuthActivity<br>    Permission: null<br>  com.nd.smartcan.appfactory.html.WebViewActivity<br>    Permission: null<br>  com.nd.android.ThirdLoginTest.wxapi.WXEntryActivity<br>    Permission: null<br>  com.nd.app.factory.appwechatdemo.wxapi.WXEntryActivity<br>    Permission: null<br>  com.nd.app.factory.appwomenvoice.wxapi.WXEntryActivity<br>    Permission: null<br>  com.nd.app.factory.women.voice.test.wxapi.WXEntryActivity<br>    Permission: null<br>  com.nd.app.factory.women.voice.wxapi.WXEntryActivity<br>    Permission: null<br>  com.nd.module_im.im.activity.ChatActivity<br>    Permission: null<br>  com.nd.module_im.im.activity.ChatActivity_OtherModule<br>    Permission: null<br>  com.nd.android.weiboui.activity.MicroblogComposeActivity<br>    Permission: null<br>  com.erp.android.attendance.FillOrderActivity<br>    Permission: null<br>  com.nd.up91.industry.view.SplashDefaultActivity<br>    Permission: null<br>  com.nd.up91.industry.view.SplashActivity<br>    Permission: null<br>  com.nd.up91.module.reader.MuPDFActivity<br>    Permission: null<br><br>', 2),
(583, 20, 26, 'Attack Surface:<br>  15 activities exported<br>  3 broadcast receivers exported<br>  0 content providers exported<br>  0 services exported<br>', 2),
(584, 20, 9, 'Package: com.nd.app.factory.imapp0<br>  nd.sdp.android.im.core.im.imCore.socketConnection.ServiceReceiver<br>    Permission: null<br>  com.nd.social.component.voting.recevier.LocaleChangeReceiver<br>    Permission: null<br>  com.nd.social.component.notice.recevier.LocaleChangeReceiver<br>    Permission: null<br><br>', 2),
(585, 20, 10, '', 1),
(586, 20, 2, 'Not Vulnerable:<br>  content://com.android.contacts/<br>  content://com.nd.app.factory.imapp0.dm.provider/<br>  content://com.android.launcher.settings/favorites?notify=true<br>  content://telephony/carriers/preferapn/<br>  content://com.nd.app.factory.imapp0.dm.provider<br>  content://com.android.launcher2.settings/favorites?notify=true<br>  content:///*<br>  content://com.android.launcher.settings/favorites?notify=true/<br>  content://com.android.contacts<br>  content://com.nd.app.factory.imapp0.provider.IndustryEduProvider<br>  content:///*/<br>  content://com.nd.pad.smartcan.framework/account_info<br>  content://settings/system/alarm_alert/<br>  content://com.android.launcher2.settings/favorites?notify=true/<br>  content://com.nd.app.factory.imapp0.provider.IndustryEduProvider/<br>  content://com.nd.app.factory.imapp0.downloadCenter<br>  content://settings/system/alarm_alert<br>  content://com.nd.pad.smartcan.framework/account_info/<br>  content://com.nd.app.factory.imapp0.downloadCenter/<br>  content://telephony/carriers/preferapn<br><br>Vulnerable Providers:<br>  No vulnerable providers found.<br>', 2),
(587, 20, 27, '', 1),
(588, 20, 8, 'Package: com.nd.app.factory.imapp0<br>  No exported services.<br><br>', 1),
(589, 20, 25, '<b style="color:red">android.permission.WRITE_CONTACTS</b><br><b style="color:red">android.permission.READ_LOGS</b><br><b style="color:red">android.permission.READ_CONTACTS</b><br><b style="color:red">android.permission.CALL_PHONE</b><br><b style="color:red">android.permission.ACCESS_FINE_LOCATION</b><br>', 2),
(590, 20, 12, '无', 2),
(591, 20, 23, '<b style="color:red">android.permission.RECEIVE_SMS</b><br>', 2),
(592, 20, 24, '<b style="color:red">android.permission.WAKE_LOCK</b>', 2),
(610, 22, 4, '无', 1),
(611, 22, 15, '无', 1),
(612, 22, 22, '<b style="color:red">android.permission.CAMERA</b>', 2),
(613, 22, 5, 'Java文件总数:3780. A.java类型文件数:106; AB.java类型文件数:0.<br>代码混淆率为:2.8%.', 2),
(614, 22, 14, '无', 1),
(615, 22, 1, '无', 1),
(616, 22, 7, 'Package: com.nd.hy.android.elearning.app.debug<br>  com.nd.hy.android.elearning.app.view.SplashActivity<br>    Permission: null<br>  com.nd.smartcan.appfactory.html.WebViewActivity<br>    Permission: null<br>  com.tencent.tauth.AuthActivity<br>    Permission: null<br>  com.nd.android.weiboui.activity.MicroblogComposeActivity<br>    Permission: null<br><br>', 2),
(617, 22, 26, 'Attack Surface:<br>  4 activities exported<br>  0 broadcast receivers exported<br>  0 content providers exported<br>  0 services exported<br>    is debuggable<br>', 2),
(618, 22, 9, 'Package: com.nd.hy.android.elearning.app.debug<br>  No matching receivers.<br><br>', 1),
(619, 22, 10, '', 1),
(620, 22, 2, 'Not Vulnerable:<br>  content://com.android.contacts/<br>  content://telephony/carriers/preferapn/<br>  content://com.android.contacts<br>  content://com.nd.pad.smartcan.framework/account_info/<br>  content://com.nd.pad.smartcan.framework/account_info<br>  content://com.nd.hy.android.elearning.app.debug/<br>  content://com.nd.hy.android.elearning.app.debug<br>  content://telephony/carriers/preferapn<br><br>Vulnerable Providers:<br>  No vulnerable providers found.<br>', 2),
(621, 22, 27, 'Not Vulnerable:<br>  content://com.android.contacts/<br>  content://telephony/carriers/preferapn/<br>  content://com.android.contacts<br>  content://com.nd.pad.smartcan.framework/account_info/<br>  content://com.nd.pad.smartcan.framework/account_info<br>  content://com.nd.hy.android.elearning.app.debug/<br>  content://com.nd.hy.android.elearning.app.debug<br>  content://telephony/carriers/preferapn<br><br>Injection in Projection:<br>  No vulnerabilities found.<br><br>Injection in Selection:<br>  No vulnerabilities found.<br>', 1),
(622, 22, 8, 'Package: com.nd.hy.android.elearning.app.debug<br>  No exported services.<br><br>', 1),
(623, 22, 25, '<b style="color:red">android.permission.READ_LOGS</b><br><b style="color:red">android.permission.READ_CONTACTS</b><br><b style="color:red">android.permission.ACCESS_FINE_LOCATION</b><br>', 2),
(624, 22, 12, '无', 2),
(625, 22, 23, '无', 1),
(626, 22, 24, '<b style="color:red">android.permission.WAKE_LOCK</b>', 2),
(627, 23, 4, '无', 1),
(628, 23, 15, '无', 1),
(629, 23, 22, '无', 1),
(630, 23, 5, 'Java文件总数:43. A.java类型文件数:26; AB.java类型文件数:15.<br>代码混淆率为:95.35%.', 1),
(631, 23, 14, '无', 1),
(632, 23, 1, '无', 1),
(633, 23, 7, 'Package: com.littlelan.ReverseTether.Trial<br>  com.littlelan.ReverseTether.ReverseTetherActivityEx<br>    Permission: null<br><br>', 2),
(634, 23, 26, 'Attack Surface:<br>  1 activities exported<br>  2 broadcast receivers exported<br>  0 content providers exported<br>  0 services exported<br>', 2),
(635, 23, 9, 'Package: com.littlelan.ReverseTether.Trial<br>  com.littlelan.ReverseTether.ReverseTetherActivityEx$PowerDisconnectionReceiver<br>    Permission: null<br>  com.littlelan.ReverseTether.ReverseTetherActivityEx$PowerConnectionReceiver<br>    Permission: null<br><br>', 2),
(636, 23, 10, '', 1),
(637, 23, 2, 'Not Vulnerable:<br>  content://telephony/carriers<br>  content://telephony/carriers/preferapn/<br>  content://telephony/carriers/<br>  content://telephony/carriers/preferapn<br><br>Vulnerable Providers:<br>  No vulnerable providers found.<br>', 2),
(638, 23, 27, 'Not Vulnerable:<br>  content://telephony/carriers<br>  content://telephony/carriers/preferapn/<br>  content://telephony/carriers/<br>  content://telephony/carriers/preferapn<br><br>Injection in Projection:<br>  No vulnerabilities found.<br><br>Injection in Selection:<br>  No vulnerabilities found.<br>', 1),
(639, 23, 8, 'Package: com.littlelan.ReverseTether.Trial<br>  No exported services.<br><br>', 1),
(640, 23, 25, '无', 1),
(641, 23, 12, '无', 2),
(642, 23, 23, '无', 1),
(643, 23, 24, '无', 1),
(644, 24, 4, '无', 1),
(645, 24, 15, '无', 1),
(646, 24, 22, '无', 1),
(647, 24, 5, 'Java文件总数:4232. A.java类型文件数:1579; AB.java类型文件数:1486.<br>代码混淆率为:72.42%.', 1),
(648, 24, 14, '无', 1),
(649, 24, 1, 'w:wwwroot/Uploads/2015-10-1433a386b5b949dd9cad4278cf93edc14ajadDestDircomestrongsandroidviewVideoEnabledWebView.java<br>', 2),
(650, 24, 7, 'Package: com.estrongs.android.pop<br>  com.estrongs.android.pop.view.FileExplorerActivity<br>    Permission: null<br>  com.estrongs.android.pop.app.compress.CompressionActivity<br>    Permission: null<br>  com.estrongs.android.pop.app.compress.CompressionProxyActivity<br>    Permission: null<br>  com.estrongs.android.pop.app.ESFileSharingActivity<br>    Permission: null<br>  com.estrongs.android.pop.app.SaveToESActivity<br>    Permission: null<br>  com.estrongs.android.pop.app.LocalFileSharingActivity<br>    Permission: null<br>  com.estrongs.android.pop.app.PopVideoPlayer<br>    Permission: null<br>  com.estrongs.android.pop.app.PopVideoPlayerProxyActivity<br>    Permission: null<br>  com.estrongs.android.pop.app.AudioPlayerProxyActivity<br>    Permission: null<br>  com.estrongs.android.pop.app.editor.PopNoteEditor<br>    Permission: null<br>  com.estrongs.android.pop.app.FileChooserActivity<br>    Permission: null<br>  com.estrongs.android.pop.app.ESContentChooserActivity<br>    Permission: null<br>  com.estrongs.android.pop.app.ESRingtoneChooserActivity<br>    Permission: null<br>  com.estrongs.android.pop.app.ESWallPaperChooserActivity<br>    Permission: null<br>  com.estrongs.android.pop.app.DownloaderActivity<br>    Permission: null<br>  com.estrongs.android.pop.app.BrowserDownloaderActivity<br>    Permission: null<br>  com.estrongs.android.pop.app.PopRemoteImageBrowser<br>    Permission: null<br>  com.estrongs.android.pop.ftp.ESFtpShortcut<br>    Permission: null<br>  com.estrongs.android.pop.app.AppCheckUpdateList<br>    Permission: null<br>  com.estrongs.android.pop.app.DefaultWindowSetting<br>    Permission: null<br>  com.estrongs.android.pop.app.DocumentExtModifyList<br>    Permission: null<br><br>', 2),
(651, 24, 26, 'Attack Surface:<br>  21 activities exported<br>  5 broadcast receivers exported<br>  1 content providers exported<br>  1 services exported<br>', 2),
(652, 24, 9, 'Package: com.estrongs.android.pop<br>  com.estrongs.android.pop.app.AudioPlayerService$MediaButtonReceiver<br>    Permission: null<br>  com.baidu.share.message.ShareReceiver<br>    Permission: null<br>  com.estrongs.android.pop.EnableOEMConfig<br>    Permission: null<br>  com.estrongs.android.pop.app.InstallMonitorReceiver<br>    Permission: null<br>  com.estrongs.android.pop.app.StartServiceReceiver<br>    Permission: null<br><br>', 2),
(653, 24, 10, '', 1),
(654, 24, 2, 'Not Vulnerable:<br>  content://telephony/carriers/preferapn/<br>  content://media/external/audio/media<br>  content://media/external/audio/albumart/<br>  content://media/external/audio/media/<br>  content://media/external/audio/albumart<br>  content://com.baidu.account.provider.AccountInfoProvider/accountInfo<br>  content://com.baidu.account.provider.AccountInfoProvider/accountInfo/<br>  content://media/external/audio/albumart/196239674<br>  content://media/external/audio/albumart/196239674/<br>  content://media/external/file<br>  content://media/external/video/media<br>  content://media/external/file/<br>  content://media/external/video/media/<br>  content://telephony/carriers/preferapn<br><br>Vulnerable Providers:<br>  content://com.estrongs.files/<br>  content://com.estrongs.files<br>', 2),
(655, 24, 27, 'Not Vulnerable:<br>  content://telephony/carriers/preferapn/<br>  content://com.estrongs.files/<br>  content://media/external/audio/media<br>  content://media/external/audio/albumart/<br>  content://media/external/audio/media/<br>  content://media/external/audio/albumart<br>  content://com.baidu.account.provider.AccountInfoProvider/accountInfo<br>  content://com.estrongs.files<br>  content://com.baidu.account.provider.AccountInfoProvider/accountInfo/<br>  content://media/external/audio/albumart/196239674<br>  content://media/external/audio/albumart/196239674/<br>  content://media/external/file<br>  content://media/external/video/media<br>  content://media/external/file/<br>  content://media/external/video/media/<br>  content://telephony/carriers/preferapn<br><br>Injection in Projection:<br>  No vulnerabilities found.<br><br>Injection in Selection:<br>  No vulnerabilities found.<br>', 1),
(656, 24, 8, 'Package: com.estrongs.android.pop<br>  com.estrongs.android.pop.bt.OBEXFtpServerService<br>    Permission: null<br><br>', 2),
(657, 24, 25, '无', 1),
(658, 24, 12, '无', 2),
(659, 24, 23, '无', 1),
(660, 24, 24, '<b style="color:red">android.permission.WAKE_LOCK</b>', 2),
(661, 20, 4, '检测通过', 1),
(662, 20, 15, '无', 1),
(663, 20, 22, '<b style="color:red">android.permission.CAMERA</b>', 2),
(664, 20, 5, 'Java文件总数:3401. A.java类型文件数:8; AB.java类型文件数:0.代码混淆率为:0.24%.', 2),
(665, 20, 14, '检测通过', 1),
(666, 20, 1, 'w:wwwroot/Uploads/2015-10-092b2e2d9a335206a3010fa98aa314686fjadDestDircom\ndsocialcomponent\noticeviewsNoticeRefreshWebView.java<br>w:wwwroot/Uploads/2015-10-092b2e2d9a335206a3010fa98aa314686fjadDestDirorgapachecordovaCordovaWebView.java<br>', 2),
(667, 20, 7, 'Package: com.nd.app.factory.imapp0<br>  com.nd.smartcan.appfactory.demo.SplashActivity<br>    Permission: null<br>  com.tencent.tauth.AuthActivity<br>    Permission: null<br>  com.nd.smartcan.appfactory.html.WebViewActivity<br>    Permission: null<br>  com.nd.android.ThirdLoginTest.wxapi.WXEntryActivity<br>    Permission: null<br>  com.nd.app.factory.appwechatdemo.wxapi.WXEntryActivity<br>    Permission: null<br>  com.nd.app.factory.appwomenvoice.wxapi.WXEntryActivity<br>    Permission: null<br>  com.nd.app.factory.women.voice.test.wxapi.WXEntryActivity<br>    Permission: null<br>  com.nd.app.factory.women.voice.wxapi.WXEntryActivity<br>    Permission: null<br>  com.nd.module_im.im.activity.ChatActivity<br>    Permission: null<br>  com.nd.module_im.im.activity.ChatActivity_OtherModule<br>    Permission: null<br>  com.nd.android.weiboui.activity.MicroblogComposeActivity<br>    Permission: null<br>  com.erp.android.attendance.FillOrderActivity<br>    Permission: null<br>  com.nd.up91.industry.view.SplashDefaultActivity<br>    Permission: null<br>  com.nd.up91.industry.view.SplashActivity<br>    Permission: null<br>  com.nd.up91.module.reader.MuPDFActivity<br>    Permission: null<br><br>', 2),
(668, 20, 26, 'Attack Surface:<br>  15 activities exported<br>  3 broadcast receivers exported<br>  0 content providers exported<br>  0 services exported<br>', 2),
(669, 20, 9, 'Package: com.nd.app.factory.imapp0<br>  nd.sdp.android.im.core.im.imCore.socketConnection.ServiceReceiver<br>    Permission: null<br>  com.nd.social.component.voting.recevier.LocaleChangeReceiver<br>    Permission: null<br>  com.nd.social.component.notice.recevier.LocaleChangeReceiver<br>    Permission: null<br><br>', 2),
(670, 20, 10, '', 1),
(671, 20, 2, '', 1),
(672, 20, 27, '', 1),
(673, 20, 8, 'Not Vulnerable:<br>  content://com.android.contacts/<br>  content://com.nd.app.factory.imapp0.dm.provider/<br>  content://com.android.launcher.settings/favorites?notify=true<br>  content://telephony/carriers/preferapn/<br>  content://com.nd.app.factory.imapp0.dm.provider<br>  content://com.nd.app.factory.imapp0.downloadCenter/<br>  content://com.android.launcher2.settings/favorites?notify=true<br>  content:///*<br>  content://com.android.launcher.settings/favorites?notify=true/<br>  content://com.android.contacts<br>  content://com.nd.app.factory.imapp0.provider.IndustryEduProvider<br>  content:///*/<br>  content://com.nd.pad.smartcan.framework/account_info<br>  content://com.android.launcher2.settings/favorites?notify=true/<br>  content://com.nd.app.factory.imapp0.downloadCenter<br>  content://com.nd.pad.smartcan.framework/account_info/<br>  content://com.nd.app.factory.imapp0.provider.IndustryEduProvider/<br>  content://telephony/carriers/preferapn<br><br>Injection in Projection:<br>  content://settings/system/alarm_alert<br>  content://settings/system/alarm_alert/<br><br>Injection in Selection:<br>  No vulnerabilities found.<br>', 1),
(674, 20, 25, '<b style="color:red">android.permission.WRITE_CONTACTS</b><br><b style="color:red">android.permission.READ_LOGS</b><br><b style="color:red">android.permission.READ_CONTACTS</b><br><b style="color:red">android.permission.CALL_PHONE</b><br><b style="color:red">android.permission.ACCESS_FINE_LOCATION</b><br>', 2),
(675, 20, 12, '', 2),
(676, 20, 23, '<b style="color:red">android.permission.RECEIVE_SMS</b><br>', 2),
(677, 20, 24, '<b style="color:red">android.permission.WAKE_LOCK</b>', 2),
(678, 20, 4, '检测通过', 1),
(679, 20, 15, '无', 1),
(680, 20, 22, '<b style="color:red">android.permission.CAMERA</b>', 2),
(681, 20, 5, 'Java文件总数:3401. A.java类型文件数:8; AB.java类型文件数:0.代码混淆率为:0.24%.', 2),
(682, 20, 14, '检测通过', 1),
(683, 20, 1, 'w:wwwroot/Uploads/2015-10-092b2e2d9a335206a3010fa98aa314686fjadDestDircom\ndsocialcomponent\noticeviewsNoticeRefreshWebView.java<br>w:wwwroot/Uploads/2015-10-092b2e2d9a335206a3010fa98aa314686fjadDestDirorgapachecordovaCordovaWebView.java<br>', 2),
(684, 20, 7, 'Package: com.nd.app.factory.imapp0<br>  com.nd.smartcan.appfactory.demo.SplashActivity<br>    Permission: null<br>  com.tencent.tauth.AuthActivity<br>    Permission: null<br>  com.nd.smartcan.appfactory.html.WebViewActivity<br>    Permission: null<br>  com.nd.android.ThirdLoginTest.wxapi.WXEntryActivity<br>    Permission: null<br>  com.nd.app.factory.appwechatdemo.wxapi.WXEntryActivity<br>    Permission: null<br>  com.nd.app.factory.appwomenvoice.wxapi.WXEntryActivity<br>    Permission: null<br>  com.nd.app.factory.women.voice.test.wxapi.WXEntryActivity<br>    Permission: null<br>  com.nd.app.factory.women.voice.wxapi.WXEntryActivity<br>    Permission: null<br>  com.nd.module_im.im.activity.ChatActivity<br>    Permission: null<br>  com.nd.module_im.im.activity.ChatActivity_OtherModule<br>    Permission: null<br>  com.nd.android.weiboui.activity.MicroblogComposeActivity<br>    Permission: null<br>  com.erp.android.attendance.FillOrderActivity<br>    Permission: null<br>  com.nd.up91.industry.view.SplashDefaultActivity<br>    Permission: null<br>  com.nd.up91.industry.view.SplashActivity<br>    Permission: null<br>  com.nd.up91.module.reader.MuPDFActivity<br>    Permission: null<br><br>', 2),
(685, 20, 26, 'Attack Surface:<br>  15 activities exported<br>  3 broadcast receivers exported<br>  0 content providers exported<br>  0 services exported<br>', 2),
(686, 20, 9, 'Package: com.nd.app.factory.imapp0<br>  nd.sdp.android.im.core.im.imCore.socketConnection.ServiceReceiver<br>    Permission: null<br>  com.nd.social.component.voting.recevier.LocaleChangeReceiver<br>    Permission: null<br>  com.nd.social.component.notice.recevier.LocaleChangeReceiver<br>    Permission: null<br><br>', 2),
(687, 20, 10, '', 1),
(688, 20, 2, 'Not Vulnerable:<br>  content://com.android.contacts/<br>  content://com.nd.app.factory.imapp0.dm.provider/<br>  content://com.android.launcher.settings/favorites?notify=true<br>  content://telephony/carriers/preferapn/<br>  content://com.nd.app.factory.imapp0.dm.provider<br>  content://com.android.launcher2.settings/favorites?notify=true<br>  content:///*<br>  content://com.android.launcher.settings/favorites?notify=true/<br>  content://com.android.contacts<br>  content://com.nd.app.factory.imapp0.provider.IndustryEduProvider<br>  content:///*/<br>  content://com.nd.pad.smartcan.framework/account_info<br>  content://settings/system/alarm_alert/<br>  content://com.android.launcher2.settings/favorites?notify=true/<br>  content://com.nd.app.factory.imapp0.provider.IndustryEduProvider/<br>  content://com.nd.app.factory.imapp0.downloadCenter<br>  content://settings/system/alarm_alert<br>  content://com.nd.pad.smartcan.framework/account_info/<br>  content://com.nd.app.factory.imapp0.downloadCenter/<br>  content://telephony/carriers/preferapn<br><br>Vulnerable Providers:<br>  No vulnerable providers found.<br>', 2),
(689, 20, 27, '', 1),
(690, 20, 8, 'Package: com.nd.app.factory.imapp0<br>  No exported services.<br><br>', 1),
(691, 20, 25, '<b style="color:red">android.permission.WRITE_CONTACTS</b><br><b style="color:red">android.permission.READ_LOGS</b><br><b style="color:red">android.permission.READ_CONTACTS</b><br><b style="color:red">android.permission.CALL_PHONE</b><br><b style="color:red">android.permission.ACCESS_FINE_LOCATION</b><br>', 2),
(692, 20, 12, '', 2),
(693, 20, 23, '<b style="color:red">android.permission.RECEIVE_SMS</b><br>', 2),
(694, 20, 24, '<b style="color:red">android.permission.WAKE_LOCK</b>', 2),
(695, 19, 4, '检测通过', 1),
(696, 19, 15, '无', 1),
(697, 19, 22, '<b style="color:red">android.permission.CAMERA</b>', 2),
(698, 19, 5, 'Java文件总数:3649. A.java类型文件数:146; AB.java类型文件数:152.代码混淆率为:8.17%.', 2),
(699, 19, 14, '检测通过', 1),
(700, 19, 1, 'w:wwwroot/Uploads/2015-10-09fc201de348648c8b9dafeaa98c71a1b8jadDestDirorgapachecordovaCordovaWebView.java<br>', 2),
(701, 19, 7, 'Package: com.nd.sdp.star<br>  com.nd.sdp.star.view.activity.StartShowActivity<br>    Permission: null<br>  com.nd.smartcan.appfactory.html.WebViewActivity<br>    Permission: null<br>  com.nd.android.weiboui.activity.MicroblogComposeActivity<br>    Permission: null<br>  com.nd.up91.industry.view.SplashDefaultActivity<br>    Permission: null<br>  com.nd.up91.industry.view.SplashActivity<br>    Permission: null<br><br>', 2),
(702, 19, 26, 'Attack Surface:<br>  5 activities exported<br>  6 broadcast receivers exported<br>  0 content providers exported<br>  2 services exported<br>', 2),
(703, 19, 9, 'Package: com.nd.sdp.star<br>  com.umeng.message.SystemReceiver<br>    Permission: null<br>  com.umeng.message.MessageReceiver<br>    Permission: null<br>  com.umeng.message.ElectionReceiver<br>    Permission: null<br>  com.umeng.message.UmengMessageBootReceiver<br>    Permission: null<br>  com.nd.schoollife.ui.community.broadcast.ForumListChangeReciver<br>    Permission: null<br>  com.nd.social.component.voting.recevier.LocaleChangeReceiver<br>    Permission: null<br><br>', 2),
(704, 19, 10, '', 1),
(705, 19, 2, '', 1),
(706, 19, 27, '', 1),
(707, 19, 8, 'Package: com.nd.sdp.star<br>  com.umeng.message.UmengService<br>    Permission: null<br>  com.umeng.message.UmengMessageIntentReceiverService<br>    Permission: null<br><br>', 2),
(708, 19, 25, '<b style="color:red">android.permission.READ_LOGS</b><br><b style="color:red">android.permission.READ_CONTACTS</b><br><b style="color:red">android.permission.CALL_PHONE</b><br>', 2),
(709, 19, 12, '', 2),
(710, 19, 23, '检测通过', 1),
(711, 19, 24, '<b style="color:red">android.permission.WAKE_LOCK</b>', 2),
(712, 20, 4, '检测通过', 1),
(713, 20, 15, '无', 1),
(714, 20, 22, '<b style="color:red">android.permission.CAMERA</b>', 2),
(715, 20, 5, 'Java文件总数:3401. A.java类型文件数:8; AB.java类型文件数:0.代码混淆率为:0.24%.', 2),
(716, 20, 14, '检测通过', 1),
(717, 20, 1, 'w:wwwroot/Uploads/2015-10-092b2e2d9a335206a3010fa98aa314686fjadDestDircom\ndsocialcomponent\noticeviewsNoticeRefreshWebView.java<br>w:wwwroot/Uploads/2015-10-092b2e2d9a335206a3010fa98aa314686fjadDestDirorgapachecordovaCordovaWebView.java<br>', 2),
(718, 20, 7, '', 1),
(719, 20, 26, '', 2),
(720, 20, 9, '', 1),
(721, 20, 10, '', 1),
(722, 20, 2, '', 1),
(723, 20, 27, '', 1),
(724, 20, 8, '', 1),
(725, 20, 25, '<b style="color:red">android.permission.WRITE_CONTACTS</b><br><b style="color:red">android.permission.READ_LOGS</b><br><b style="color:red">android.permission.READ_CONTACTS</b><br><b style="color:red">android.permission.CALL_PHONE</b><br><b style="color:red">android.permission.ACCESS_FINE_LOCATION</b><br>', 2),
(726, 20, 12, '', 2),
(727, 20, 23, '<b style="color:red">android.permission.RECEIVE_SMS</b><br>', 2),
(728, 20, 24, '<b style="color:red">android.permission.WAKE_LOCK</b>', 2),
(729, 20, 4, '检测通过', 1),
(730, 20, 15, '无', 1),
(731, 20, 22, '<b style="color:red">android.permission.CAMERA</b>', 2),
(732, 20, 5, 'Java文件总数:3401. A.java类型文件数:8; AB.java类型文件数:0.代码混淆率为:0.24%.', 2),
(733, 20, 14, '检测通过', 1),
(734, 20, 1, 'w:wwwroot/Uploads/2015-10-092b2e2d9a335206a3010fa98aa314686fjadDestDircom\ndsocialcomponent\noticeviewsNoticeRefreshWebView.java<br>w:wwwroot/Uploads/2015-10-092b2e2d9a335206a3010fa98aa314686fjadDestDirorgapachecordovaCordovaWebView.java<br>', 2),
(735, 20, 7, '', 1),
(736, 20, 26, '', 2),
(737, 20, 9, '', 1),
(738, 20, 10, '', 1),
(739, 20, 2, '', 1),
(740, 20, 27, '', 1),
(741, 20, 8, '', 1),
(742, 20, 25, '<b style="color:red">android.permission.WRITE_CONTACTS</b><br><b style="color:red">android.permission.READ_LOGS</b><br><b style="color:red">android.permission.READ_CONTACTS</b><br><b style="color:red">android.permission.CALL_PHONE</b><br><b style="color:red">android.permission.ACCESS_FINE_LOCATION</b><br>', 2),
(743, 20, 12, '', 2),
(744, 20, 23, '<b style="color:red">android.permission.RECEIVE_SMS</b><br>', 2),
(745, 20, 24, '<b style="color:red">android.permission.WAKE_LOCK</b>', 2),
(746, 20, 4, '检测通过', 1),
(747, 20, 15, '无', 1),
(748, 20, 22, '<b style="color:red">android.permission.CAMERA</b>', 2),
(749, 20, 5, 'Java文件总数:3401. A.java类型文件数:8; AB.java类型文件数:0.代码混淆率为:0.24%.', 2),
(750, 20, 14, '检测通过', 1),
(751, 20, 1, 'w:wwwroot/Uploads/2015-10-092b2e2d9a335206a3010fa98aa314686fjadDestDircom\ndsocialcomponent\noticeviewsNoticeRefreshWebView.java<br>w:wwwroot/Uploads/2015-10-092b2e2d9a335206a3010fa98aa314686fjadDestDirorgapachecordovaCordovaWebView.java<br>', 2),
(752, 20, 7, 'Package: com.nd.app.factory.imapp0<br>  com.nd.smartcan.appfactory.demo.SplashActivity<br>    Permission: null<br>  com.tencent.tauth.AuthActivity<br>    Permission: null<br>  com.nd.smartcan.appfactory.html.WebViewActivity<br>    Permission: null<br>  com.nd.android.ThirdLoginTest.wxapi.WXEntryActivity<br>    Permission: null<br>  com.nd.app.factory.appwechatdemo.wxapi.WXEntryActivity<br>    Permission: null<br>  com.nd.app.factory.appwomenvoice.wxapi.WXEntryActivity<br>    Permission: null<br>  com.nd.app.factory.women.voice.test.wxapi.WXEntryActivity<br>    Permission: null<br>  com.nd.app.factory.women.voice.wxapi.WXEntryActivity<br>    Permission: null<br>  com.nd.module_im.im.activity.ChatActivity<br>    Permission: null<br>  com.nd.module_im.im.activity.ChatActivity_OtherModule<br>    Permission: null<br>  com.nd.android.weiboui.activity.MicroblogComposeActivity<br>    Permission: null<br>  com.erp.android.attendance.FillOrderActivity<br>    Permission: null<br>  com.nd.up91.industry.view.SplashDefaultActivity<br>    Permission: null<br>  com.nd.up91.industry.view.SplashActivity<br>    Permission: null<br>  com.nd.up91.module.reader.MuPDFActivity<br>    Permission: null<br><br>', 2),
(753, 20, 26, 'Attack Surface:<br>  15 activities exported<br>  3 broadcast receivers exported<br>  0 content providers exported<br>  0 services exported<br>', 2),
(754, 20, 9, 'Package: com.nd.app.factory.imapp0<br>  nd.sdp.android.im.core.im.imCore.socketConnection.ServiceReceiver<br>    Permission: null<br>  com.nd.social.component.voting.recevier.LocaleChangeReceiver<br>    Permission: null<br>  com.nd.social.component.notice.recevier.LocaleChangeReceiver<br>    Permission: null<br><br>', 2),
(755, 20, 10, '', 1),
(756, 20, 2, 'Not Vulnerable:<br>  content://com.android.contacts/<br>  content://com.nd.app.factory.imapp0.dm.provider/<br>  content://com.android.launcher.settings/favorites?notify=true<br>  content://telephony/carriers/preferapn/<br>  content://com.nd.app.factory.imapp0.dm.provider<br>  content://com.android.launcher2.settings/favorites?notify=true<br>  content:///*<br>  content://com.android.launcher.settings/favorites?notify=true/<br>  content://com.android.contacts<br>  content://com.nd.app.factory.imapp0.provider.IndustryEduProvider<br>  content:///*/<br>  content://com.nd.pad.smartcan.framework/account_info<br>  content://settings/system/alarm_alert/<br>  content://com.android.launcher2.settings/favorites?notify=true/<br>  content://com.nd.app.factory.imapp0.provider.IndustryEduProvider/<br>  content://com.nd.app.factory.imapp0.downloadCenter<br>  content://settings/system/alarm_alert<br>  content://com.nd.pad.smartcan.framework/account_info/<br>  content://com.nd.app.factory.imapp0.downloadCenter/<br>  content://telephony/carriers/preferapn<br><br>Vulnerable Providers:<br>  No vulnerable providers found.<br>', 2),
(757, 20, 27, 'Not Vulnerable:<br>  content://com.android.contacts/<br>  content://com.nd.app.factory.imapp0.dm.provider/<br>  content://com.android.launcher.settings/favorites?notify=true<br>  content://telephony/carriers/preferapn/<br>  content://com.nd.app.factory.imapp0.dm.provider<br>  content://com.nd.app.factory.imapp0.downloadCenter/<br>  content://com.android.launcher2.settings/favorites?notify=true<br>  content:///*<br>  content://com.android.launcher.settings/favorites?notify=true/<br>  content://com.android.contacts<br>  content://com.nd.app.factory.imapp0.provider.IndustryEduProvider<br>  content:///*/<br>  content://com.nd.pad.smartcan.framework/account_info<br>  content://com.android.launcher2.settings/favorites?notify=true/<br>  content://com.nd.app.factory.imapp0.downloadCenter<br>  content://com.nd.pad.smartcan.framework/account_info/<br>  content://com.nd.app.factory.imapp0.provider.IndustryEduProvider/<br>  content://telephony/carriers/preferapn<br><br>Injection in Projection:<br>  content://settings/system/alarm_alert<br>  content://settings/system/alarm_alert/<br><br>Injection in Selection:<br>  No vulnerabilities found.<br>', 1),
(758, 20, 8, 'Package: com.nd.app.factory.imapp0<br>  No exported services.<br><br>', 1),
(759, 20, 25, '<b style="color:red">android.permission.WRITE_CONTACTS</b><br><b style="color:red">android.permission.READ_LOGS</b><br><b style="color:red">android.permission.READ_CONTACTS</b><br><b style="color:red">android.permission.CALL_PHONE</b><br><b style="color:red">android.permission.ACCESS_FINE_LOCATION</b><br>', 2),
(760, 20, 12, '', 2),
(761, 20, 23, '<b style="color:red">android.permission.RECEIVE_SMS</b><br>', 2),
(762, 20, 24, '<b style="color:red">android.permission.WAKE_LOCK</b>', 2),
(1132, 21, 4, '检测通过', 1),
(1133, 21, 15, '无', 1),
(1134, 21, 22, '<b style="color:red">android.permission.CAMERA</b>', 2),
(1135, 21, 5, 'Java文件总数:3423. A.java类型文件数:149; AB.java类型文件数:101.代码混淆率为:7.3%.', 2),
(1136, 21, 14, '检测通过', 1),
(1137, 21, 1, 'w:wwwroot/Uploads/2015-10-094fe4cb413824e02ad1215ef1978c2583jadDestDirorgapachecordovaCordovaWebView.java<br>', 2),
(1138, 21, 7, 'Package: com.nd.sdp.star<br>  com.nd.sdp.star.view.activity.StartShowActivity<br>    Permission: null<br>  com.nd.smartcan.appfactory.html.WebViewActivity<br>    Permission: null<br>  com.nd.android.weiboui.activity.MicroblogComposeActivity<br>    Permission: null<br><br>', 2),
(1139, 21, 26, 'Attack Surface:<br>  3 activities exported<br>  1 broadcast receivers exported<br>  0 content providers exported<br>  0 services exported<br>', 2),
(1140, 21, 9, 'Package: com.nd.sdp.star<br>  com.nd.schoollife.ui.community.broadcast.ForumListChangeReciver<br>    Permission: null<br><br>', 2),
(1141, 21, 10, '', 1),
(1142, 21, 2, 'Not Vulnerable:<br>  content://com.android.contacts/<br>  content://com.android.launcher.settings/favorites?notify=true<br>  content://telephony/carriers/preferapn/<br>  content://com.sina.weibo.sdkProvider/query/package<br>  content://com.android.launcher2.settings/favorites?notify=true<br>  content:///*<br>  content://com.android.launcher.settings/favorites?notify=true/<br>  content://downloads/public_downloads<br>  content://com.android.contacts<br>  content://com.nd.pad.smartcan.framework/account_info/<br>  content:///*/<br>  content://com.nd.pad.smartcan.framework/account_info<br>  content://com.android.launcher2.settings/favorites?notify=true/<br>  content://downloads/public_downloads/<br>  content://com.sina.weibo.sdkProvider/query/package/<br>  content://telephony/carriers/preferapn<br><br>Vulnerable Providers:<br>  No vulnerable providers found.<br>', 2);
INSERT INTO `analysis` (`id`, `fileid`, `riskid`, `result`, `verdict`) VALUES
(1143, 21, 27, 'Not Vulnerable:<br>  content://com.android.contacts/<br>  content://com.android.launcher.settings/favorites?notify=true<br>  content://telephony/carriers/preferapn/<br>  content://com.sina.weibo.sdkProvider/query/package<br>  content://com.android.launcher2.settings/favorites?notify=true<br>  content:///*<br>  content://com.android.launcher.settings/favorites?notify=true/<br>  content://downloads/public_downloads<br>  content://com.android.contacts<br>  content://com.nd.pad.smartcan.framework/account_info/<br>  content:///*/<br>  content://com.nd.pad.smartcan.framework/account_info<br>  content://com.android.launcher2.settings/favorites?notify=true/<br>  content://downloads/public_downloads/<br>  content://com.sina.weibo.sdkProvider/query/package/<br>  content://telephony/carriers/preferapn<br><br>Injection in Projection:<br>  No vulnerabilities found.<br><br>Injection in Selection:<br>  No vulnerabilities found.<br>', 1),
(1144, 21, 8, 'Package: com.nd.sdp.star<br>  No exported services.<br><br>', 1),
(1145, 21, 25, '<b style="color:red">android.permission.READ_CONTACTS</b><br>', 2),
(1146, 21, 12, '', 2),
(1147, 21, 23, '检测通过', 1),
(1148, 21, 24, '检测通过', 1),
(1149, 21, 17, 'mobclick_agent_online_setting_com.nd.sdp.star.xml内容如下：<br>multidex.version.xml内容如下：<br>umeng_general_config.xml内容如下：<br>', 1),
(1150, 19, 4, '检测通过', 1),
(1151, 19, 15, '无', 1),
(1152, 19, 22, '<b style="color:red">android.permission.CAMERA</b>', 2),
(1153, 19, 5, 'Java文件总数:3649. A.java类型文件数:146; AB.java类型文件数:152.代码混淆率为:8.17%.', 2),
(1154, 19, 14, '检测通过', 1),
(1155, 19, 1, 'w:wwwroot/Uploads/2015-10-09fc201de348648c8b9dafeaa98c71a1b8jadDestDirorgapachecordovaCordovaWebView.java<br>', 2),
(1156, 19, 7, 'Package: com.nd.sdp.star<br>  com.nd.sdp.star.view.activity.StartShowActivity<br>    Permission: null<br>  com.nd.smartcan.appfactory.html.WebViewActivity<br>    Permission: null<br>  com.nd.android.weiboui.activity.MicroblogComposeActivity<br>    Permission: null<br>  com.nd.up91.industry.view.SplashDefaultActivity<br>    Permission: null<br>  com.nd.up91.industry.view.SplashActivity<br>    Permission: null<br><br>', 2),
(1157, 19, 26, 'Attack Surface:<br>  5 activities exported<br>  6 broadcast receivers exported<br>  0 content providers exported<br>  2 services exported<br>', 2),
(1158, 19, 9, 'Package: com.nd.sdp.star<br>  com.umeng.message.SystemReceiver<br>    Permission: null<br>  com.umeng.message.MessageReceiver<br>    Permission: null<br>  com.umeng.message.ElectionReceiver<br>    Permission: null<br>  com.umeng.message.UmengMessageBootReceiver<br>    Permission: null<br>  com.nd.schoollife.ui.community.broadcast.ForumListChangeReciver<br>    Permission: null<br>  com.nd.social.component.voting.recevier.LocaleChangeReceiver<br>    Permission: null<br><br>', 2),
(1159, 19, 10, '', 1),
(1160, 19, 2, 'Not Vulnerable:<br>  content://com.android.contacts/<br>  content://com.android.launcher.settings/favorites?notify=true<br>  content://com.nd.sdp.star.provider.IndustryEduProvider<br>  content://com.nd.sdp.star.provider.IndustryEduProvider/<br>  content://com.android.launcher2.settings/favorites?notify=true<br>  content:///*<br>  content://com.android.launcher.settings/favorites?notify=true/<br>  content://downloads/public_downloads<br>  content://com.nd.sdp.star.downloadCenter<br>  content://com.nd.pad.smartcan.framework/account_info/<br>  content:///*/<br>  content://com.android.launcher2.settings/favorites?notify=true/<br>  content://telephony/carriers/preferapn/<br>  content://com.alipay.mobilesecuritysdk.deviceID.DeviceContentProvider<br>  content://com.android.contacts<br>  content://com.nd.pad.smartcan.framework/account_info<br>  content://downloads/public_downloads/<br>  content://com.nd.sdp.star.downloadCenter/<br>  content://com.alipay.mobilesecuritysdk.deviceID.DeviceContentProvider/<br>  content://telephony/carriers/preferapn<br><br>Vulnerable Providers:<br>  No vulnerable providers found.<br>', 2),
(1161, 19, 27, 'Not Vulnerable:<br>  content://com.android.contacts/<br>  content://com.android.launcher.settings/favorites?notify=true<br>  content://com.nd.sdp.star.provider.IndustryEduProvider<br>  content://com.nd.sdp.star.provider.IndustryEduProvider/<br>  content://com.android.launcher2.settings/favorites?notify=true<br>  content:///*<br>  content://com.android.launcher.settings/favorites?notify=true/<br>  content://downloads/public_downloads<br>  content://com.nd.sdp.star.downloadCenter<br>  content://com.nd.pad.smartcan.framework/account_info/<br>  content:///*/<br>  content://telephony/carriers/preferapn/<br>  content://com.alipay.mobilesecuritysdk.deviceID.DeviceContentProvider<br>  content://com.android.launcher2.settings/favorites?notify=true/<br>  content://com.nd.pad.smartcan.framework/account_info<br>  content://downloads/public_downloads/<br>  content://com.nd.sdp.star.downloadCenter/<br>  content://com.alipay.mobilesecuritysdk.deviceID.DeviceContentProvider/<br>  content://com.android.contacts<br>  content://telephony/carriers/preferapn<br><br>Injection in Projection:<br>  No vulnerabilities found.<br><br>Injection in Selection:<br>  No vulnerabilities found.<br>', 1),
(1162, 19, 8, 'Package: com.nd.sdp.star<br>  com.umeng.message.UmengService<br>    Permission: null<br>  com.umeng.message.UmengMessageIntentReceiverService<br>    Permission: null<br><br>', 2),
(1163, 19, 25, '<b style="color:red">android.permission.READ_LOGS</b><br><b style="color:red">android.permission.READ_CONTACTS</b><br><b style="color:red">android.permission.CALL_PHONE</b><br>', 2),
(1164, 19, 12, '', 2),
(1165, 19, 23, '检测通过', 1),
(1166, 19, 24, '<b style="color:red">android.permission.WAKE_LOCK</b>', 2),
(1167, 19, 17, '检测通过', 1),
(1168, 20, 4, '检测通过', 1),
(1169, 20, 15, '无', 1),
(1170, 20, 22, '<b style="color:red">android.permission.CAMERA</b>', 2),
(1171, 20, 5, 'Java文件总数:3401. A.java类型文件数:8; AB.java类型文件数:0.代码混淆率为:0.24%.', 2),
(1172, 20, 14, '检测通过', 1),
(1173, 20, 1, 'w:wwwroot/Uploads/2015-10-092b2e2d9a335206a3010fa98aa314686fjadDestDircom\ndsocialcomponent\noticeviewsNoticeRefreshWebView.java<br>w:wwwroot/Uploads/2015-10-092b2e2d9a335206a3010fa98aa314686fjadDestDirorgapachecordovaCordovaWebView.java<br>', 2),
(1174, 20, 7, '', 1),
(1175, 20, 26, '', 2),
(1176, 20, 9, '', 1),
(1177, 20, 10, '', 1),
(1178, 20, 2, '', 1),
(1179, 20, 27, '', 1),
(1180, 20, 8, '', 1),
(1181, 20, 25, '<b style="color:red">android.permission.WRITE_CONTACTS</b><br><b style="color:red">android.permission.READ_LOGS</b><br><b style="color:red">android.permission.READ_CONTACTS</b><br><b style="color:red">android.permission.CALL_PHONE</b><br><b style="color:red">android.permission.ACCESS_FINE_LOCATION</b><br>', 2),
(1182, 20, 12, '', 2),
(1183, 20, 23, '<b style="color:red">android.permission.RECEIVE_SMS</b><br>', 2),
(1184, 20, 24, '<b style="color:red">android.permission.WAKE_LOCK</b>', 2),
(1185, 20, 17, '检测通过', 1);

-- --------------------------------------------------------

--
-- 表的结构 `assess`
--

CREATE TABLE IF NOT EXISTS `assess` (
  `id` int(11) NOT NULL AUTO_INCREMENT COMMENT '序号',
  `assesstype` varchar(128) NOT NULL COMMENT '风险类别',
  `explain` varchar(1024) NOT NULL COMMENT '说明',
  PRIMARY KEY (`id`)
) ENGINE=InnoDB  DEFAULT CHARSET=utf8 AUTO_INCREMENT=5 ;

--
-- 转存表中的数据 `assess`
--

INSERT INTO `assess` (`id`, `assesstype`, `explain`) VALUES
(1, 'Drozer审计', '调用Drozer审计的项目'),
(2, '安全漏洞与风险评估', 'Android的相关漏洞审计以及高风险点的评估测试'),
(3, '敏感信息与权限审计', '评估APK敏感信息与权限申明'),
(4, '其他', '其他风险类别');

-- --------------------------------------------------------

--
-- 表的结构 `file`
--

CREATE TABLE IF NOT EXISTS `file` (
  `id` int(11) NOT NULL AUTO_INCREMENT COMMENT '序号',
  `md5` varchar(32) NOT NULL COMMENT 'hash',
  `name` varchar(128) NOT NULL COMMENT 'apk名称',
  `size` float NOT NULL COMMENT '文件大小',
  `savepath` varchar(128) NOT NULL COMMENT '保存路径',
  `status` tinyint(4) NOT NULL DEFAULT '0' COMMENT '状态',
  `json` text COMMENT '分析json数据',
  `createtime` timestamp NOT NULL DEFAULT CURRENT_TIMESTAMP COMMENT '上传时间',
  `totaltime` int(11) NOT NULL COMMENT '分析耗时',
  PRIMARY KEY (`id`),
  UNIQUE KEY `md5` (`md5`)
) ENGINE=InnoDB  DEFAULT CHARSET=utf8 COMMENT='apk文件上传信息表' AUTO_INCREMENT=25 ;

--
-- 转存表中的数据 `file`
--

INSERT INTO `file` (`id`, `md5`, `name`, `size`, `savepath`, `status`, `json`, `createtime`, `totaltime`) VALUES
(12, 'c2ebbb482bb09dccdefc522f732c339c', 'CheckExtraCrash.apk', 0.27, '/Uploads/2015-08-25/55dc3ac833f90.apk', 2, NULL, '2015-08-25 09:52:08', 97),
(13, 'f417d3986c33c38c6f88683f15d994ca', '91saas_android_v1.7.1.1.a2a735.apk', 17.37, '/Uploads/2015-08-25/55dc3b36c744e.apk', 2, NULL, '2015-08-25 09:53:58', 124),
(14, 'e4eaa1a25098f10c51de3c72e2550b49', 'com.qihoo.appstore_300030234.apk', 7.14, '/Uploads/2015-08-25/55dc47ef6e790.apk', 2, NULL, '2015-08-25 10:48:15', 98),
(16, '4df3c667705adac358f0773ec6d4c51f', 'wdxxpt (1).apk', 16.93, '/Uploads/2015-08-26/55dd9515ea93a.apk', 2, NULL, '2015-08-26 10:29:41', 128),
(17, 'f3a11fc0c08c607cb217de79a45fc8a5', '1.apk', 11.22, '/Uploads/2015-09-07/55ed0a9de6328.apk', 2, NULL, '2015-09-07 03:55:09', 101),
(18, '64d0c48b2add6f71c3c2c79e39c1d4bf', 'SmartCamera.apk', 21.52, '/Uploads/2015-09-08/55eeba8bebbbf.apk', 2, NULL, '2015-09-08 10:38:04', 169),
(19, 'fc201de348648c8b9dafeaa98c71a1b8', 'starappjay_0.8.1_2015-08-10_product_nd.apk', 31.35, '/Uploads/2015-10-09/56178aeecfa48.apk', 2, NULL, '2015-10-09 09:37:50', 158),
(20, '2b2e2d9a335206a3010fa98aa314686f', 'new99u_android_v2.5.0.apk', 40.24, '/Uploads/2015-10-09/56178d76a0894.apk', 2, NULL, '2015-10-09 09:48:38', 91),
(21, '4fe4cb413824e02ad1215ef1978c2583', 'app-product-release v0.6.3.apk', 16.53, '/Uploads/2015-10-09/56178e293c00b.apk', 2, NULL, '2015-10-09 09:51:37', 125),
(22, '9b2f3819e9169bc8fbdef82a155a99c7', 'elearning_ndei_201510102336.apk', 26.81, '/Uploads/2015-10-14/561dc0504cf37.apk', 2, NULL, '2015-10-14 02:39:12', 151),
(23, '5865062755e1ca9146cd9e4ba3fcc1d3', '反向系绳.apk', 0.09, '/Uploads/2015-10-14/561dccc4acbe4.apk', 2, NULL, '2015-10-14 03:32:20', 96),
(24, '33a386b5b949dd9cad4278cf93edc14a', 'ESFileExplorer_212.apk', 4.2, '/Uploads/2015-10-14/561dd31a45691.apk', 2, NULL, '2015-10-14 03:59:22', 411);

-- --------------------------------------------------------

--
-- 表的结构 `risk`
--

CREATE TABLE IF NOT EXISTS `risk` (
  `id` int(11) NOT NULL AUTO_INCREMENT COMMENT '序号',
  `assessid` int(11) NOT NULL DEFAULT '4',
  `class` varchar(64) NOT NULL DEFAULT 'N/A' COMMENT '风险类型',
  `riskname` varchar(128) NOT NULL COMMENT '风险名称',
  `risklevel` tinyint(4) NOT NULL COMMENT '风险等级',
  `riskdetail` varchar(1024) NOT NULL COMMENT '风险细节',
  `test` varchar(1024) NOT NULL COMMENT '检测方法',
  `scope` varchar(1024) NOT NULL COMMENT '影响范围',
  `fixes` varchar(1024) NOT NULL COMMENT '修复建议',
  `reference` varchar(1024) NOT NULL COMMENT '漏洞引用',
  `ischeck` tinyint(4) NOT NULL DEFAULT '1' COMMENT '是否检测',
  PRIMARY KEY (`id`)
) ENGINE=InnoDB  DEFAULT CHARSET=utf8 COMMENT='风险表' AUTO_INCREMENT=28 ;

--
-- 转存表中的数据 `risk`
--

INSERT INTO `risk` (`id`, `assessid`, `class`, `riskname`, `risklevel`, `riskdetail`, `test`, `scope`, `fixes`, `reference`, `ischeck`) VALUES
(1, 2, '远程执行', 'Android WebView远程代码执行漏洞（CVE-2012-6636）', 10, '<p>Android平台的WebView挂马漏洞由来已久，存在于2.1~4.1的所有版本。被公众所知是在2013年8,9月份在国内知名白帽子网站&ldquo;乌云&rdquo;平台上集中爆出了很多Adroid浏览器类应用的挂马漏洞。此漏洞的成因是：Android系统为了方便应用中Java代码和网页里的Javascript代码进行交互，在WebView控件中实现了addJavascriptInterface接口，网页中的Javascript代码可以利用该接口定义的名字调用Java层的代码。而Java对象继承关系会导致很多Public的函数（其中包括getClass）都可以在JS中访问，所以JS可以通过该接口利用Java的反射机制获得系统类的函数，绕开Webview所在的代码上下文。</p>', '<ol><li>腾讯TSRC在线检测页面:<a href="http://security.tencent.com/lucky/check_tools.html">http://security.tencent.com/lucky/check_tools.html</a>使用APP打开此页面，如存在漏洞会提示当前APP存在挂马漏洞。</li><li>乌云知识库在线检测：<a href="http://drops.wooyun.org/webview.html">http://drops.wooyun.org/webview.html</a>，关键代码如下:</li><li>开发人员检测：<br />检查应用源代码中是否调用Landroid/webkit/WebView类中的addJavascriptInterface方法，是否存在searchBoxJavaBridge_接口</li></ol>', '<ol><li>所有应用在<strong>4.2</strong>以下的应用会受影响</li><li>编译API level 小于<strong>17</strong>的应用在全部系统中都受影响</li></ol>', '<ol><li>目标系统在android4.1.1以上的应用,采用JavascriptInterface替代原有方法。</li><li>调用removeJavascriptInterface方法删除searchBoxJavaBridge_接口。</li><li>对载入的URL设定信任域，防止恶意页面加载。</li><li>检测返回的页面内容是否包含恶意代码，防止中间人攻击 尽量不要使用addJavascriptInterface方法</li></ol>', '<ul><li><strong>参考资料：</strong><br />[1] <a href="http://cve.mitre.org/cgi-bin/cvename.cgi?name=CVE-2012-6636">http://cve.mitre.org/cgi-bin/cvename.cgi?name=CVE-2012-6636</a><br />[2] <a href="http://drops.wooyun.org/webview.html">http://drops.wooyun.org/webview.html</a><br />[3] <a href="http://developer.android.com/reference/android/os/Build.VERSION_CODES.html#JELLY_BEAN_MR1">http://developer.android.com/reference/android/os/Build.VERSION_CODES.html#JELLY_BEAN_MR1</a><br />[4] <a href="http://www.droidsec.cn/android-webview-%E8%BF%9C%E7%A8%8B%E4%BB%A3%E7%A0%81%E6%89%A7%E8%A1%8C%E6%BC%8F%E6%B4%9E%E5%88%86%E6%9E%90%E4%B8%8E%E6%A3%80%E6%B5%8B/">http://www.droidsec.cn/android-webview-%E8%BF%9C%E7%A8%8B%E4%BB%A3%E7%A0%81%E6%89%A7%E8%A1%8C%E6%BC%8F%E6%B4%9E%E5%88%86%E6%9E%90%E4%B8%8E%E6%A3%80%E6%B5%8B/</a><br />[5] <a href="http://droidsploit.baidu.com/view/13090501.html">http://droidsploit.baidu.com/view/13090501.html</a></li></ul>', 1),
(2, 1, '信息泄露/drozer审计', 'Content Provider组件任意文件读取漏洞', 7, '<p>Android <strong>Content Provider</strong>存在文件目录遍历安全漏洞，该漏洞源于对外暴露<strong>Content Provider</strong>组件的应用，没有对<strong>Content Provider</strong>组件的访问进行权限控制和对访问的目标文件的Content Query Uri进行有效判断，攻击者利用该应用暴露的<strong>Content Provider</strong>的openFile()接口进行文件目录遍历以达到访问任意可读文件的目的。</p>', '<p>可以借助<strong>drozer</strong>工具进行检测。</p>', '<p>Android所有系统</p>', '<ol><li>将不必要导出的Content Provider设置为不导出[6]<br />由于Android组件Content Provider无法在Android 2.2（即API Level 8）系统上设为不导出，因此如果应用的Content Provider不必要导出，建议声明最低SDK版本为8以上版本； 由于API level 在17以下的所有应用的&ldquo;android:exported&rdquo;属性默认值都为true.，因此如果应用的Content Provider不必要导出，建议显示设置注册的Content Provider组件的&ldquo;android:exported&rdquo;属性为false；</li><li>去除没有必要的openFile()接口<br />如果应用的Content Provider组件没有必要实现openFile()接口，阿里聚安全建议移除该Content Provider的不必要的openFile()接口。</li><li>过滤限制跨域访问，对访问的目标文件的路径进行有效判断[7]<br />使用Uri.decode()先对Content Query Uri进行解码后，再过滤如可通过&ldquo;../&rdquo;实现任意可读文件的访问的Uri字符串；</li><li>设置权限来进行内部应用通过Content Provider的数据共享[6]<br />使用签名验证来控制Content Provider共享数据的访问权限：设置protectionLevel=&rdquo;signature&rdquo;；</li></ol>', '<ul><li><strong>参考资料：</strong><br />[1] http://www.wooyun.org/bugs/wooyun-2013-047098<br />[2] http://www.wooyun.org/bugs/wooyun-2013-044407<br />[3] http://www.wooyun.org/bugs/wooyun-2013-044411<br />[4] http://blog.seguesec.com/2012/09/path-traversal-vulnerability-on-adobe-reader-android-application<br />[5] http://seclists.org/fulldisclosure/2015/Jan/127<br />[6] http://developer.android.com/training/articles/security-tips.html<br />[7] http://drops.wooyun.org/tips/4314</li></ul><p>&nbsp;</p>', 1),
(3, 1, '信息泄露/非授权访问', 'Activity组件隐私泄露漏洞', 8, '<p>公共暴露的Activity组件，可以被任意调用，这可能导致调用App中非授权或者敏感的Activity组件，造成非授权访问和敏感信息泄露</p>', '<p>通过drozer工具检测，结合人工判断</p>', '<p>Android所有系统</p>', '<ol><li>设置exported属性为false</li><li>谨慎处理从intent中接收的数据，不管是否内部发送的intent</li><li>敏感信息只能在应用内部操作</li></ol>', '<ul><li><strong>参考资料：</strong><br />[1] http://blogs.360.cn/blog/launchanywhere-google-bug-7699048/<br />[2] http://drops.wooyun.org/tips/3936</li></ul>', 0),
(4, 2, '信息泄露/drozer审计', 'Android App AllowBackup配置风险', 6, '<ul><li>Android API Level 8及其以上Android系统提供了为应用程序数据的备份和恢复功能，此功能的开关决定于该应用程序中AndroidManifest.xml文件中的allowBackup属性值[1] ，其属性值默认是True。当allowBackup标志为true时，用户即可通过adb backup和adb restore来进行对应用数据的备份和恢复，这可能会带来一定的安全风险。</li><li>Android属性allowBackup安全风险浅析<!--[if lt IE 9]>\r\n    <script src="http://www.freebuf.com/buf/themes/freebuf/js/html5shiv.min.js"></script>\r\n    <script src="http://www.freebuf.com/buf/themes/freebuf/js/respond.min.js"></script>\r\n<![endif]--><!--StartFragment--><p><strong>Android属性allowBackup安全风险源于adb backup容许任何一个能够打开USB 调试开关的人从Android手机中复制应用数据到外设，一旦应用数据被备份之后，所有应用数据都可被用户读取；adb restore容许用户指定一个恢复的数据来源（即备份的应用数据）来恢复应用程序数据的创建。</strong>因此，当一个应用数据被备份之后，用户即可在其他Android手机或模拟器上安装同一个应用，以及通过恢复该备份的应用数据到该设备上，在该设备上打开该应用即可恢复到被备份的应用程序的状态。</p><p>尤其是通讯录应用，一旦应用程序支持备份和恢复功能，攻击者即可通过adb backup和adb restore进行恢复新安装的同一个应用来查看聊天记录等信息；对于支付金融类应用，攻击者可通过此来进行恶意支付、盗取存款等；因此为了安全起见，开发者务必将allowBackup标志值设置为false来关闭应用程序的备份和恢复功能，以免造成信息泄露和财产损失。</p><!--EndFragment--></li></ul><p>&nbsp;</p>', '', '<p>Android API Level 8以及以上系统</p>', '<p>建议关闭应用备份功能; 在AndroidMenifest.xml文件中，将相应组件的&ldquo;android:allowBackup&rdquo;属性设置为&ldquo;false&rdquo;。<br />&nbsp;</p>', '<p>[1] http://www.freebuf.com/articles/terminal/60778.html</p>', 1),
(5, 2, '静态破解/反编译保护', '源代码反编译风险', 6, '<p>安卓App开发语言大都是Java，编译后生成一个DEX源程序文件，反编译后可轻松看到源代码。通过查看源代码，可以轻易分析其运行逻辑，并针对代码中的缺陷对客户端或服务器端进行攻击。</p>', '<p>通过dex2jar、jd-gui等工具可以实现对App的反编译，查看反编译后的代码是否混淆、其可读性程度如何。</p>', '<p>所有Android App均可能有该风险。</p>', '<p>建议进行代码混淆，可以使用第三方的代码混淆工具也可以使用android自带混淆的工具 proguard （android sdk \\ tools 目录下）进行代码混淆。</p>', '<ul><li>参考资料：<br />[1] https://code.google.com/p/onekey-decompile-apk/<br />[2] http://wenku.baidu.com/link?url=LJBMxCdsKpM0B50ZLQxvP2hnrdX9avhAa8VmIhz7Tm20noeuiEntufPaRmOS0gAX9IJZDZ1g-wCAKO378jSoEbQqxlihWeoao5NNyzRnSE7</li></ul>', 1),
(6, 1, '拒绝服务/drozer审计', 'Android应用本地拒绝服务漏洞检测', 6, '<p>Android系统提供了Activity、Service和Broadcast Receiver等组件，并提供了Intent机制来协助应用间的交互与通讯，Intent负责对应用中一次操作的动作、动作涉及数据、附加数据进行描述，Android系统则根据此Intent的描述，负责找到对应的组件，将Intent传递给调用的组件，并完成组件的调用[1]。Android应用本地拒绝服务漏洞源于程序没有对Intent.getXXXExtra()获取的异常或者畸形数据处理时没有进行异常捕获，从而导致攻击者可通过向受害者应用发送此类空数据、异常或者畸形数据来达到使该应用crash的目的，简单的说就是攻击者通过intent发送空数据、异常或畸形数据给受害者应用，导致其崩溃。</p>', '<p>检测方法参考：<a href="http://jaq.alibaba.com/blog.htm?id=55">http://jaq.alibaba.com/blog.htm?id=55</a></p>', '<p>Android系统所有版本</p>', '<ol><li>建议将不必要的导出的组件设置为不导出<br />出于安全考虑，不要将不必要的组件导出，防止引起拒绝服务，尤其是杀毒、安全防护、锁屏防盗等安全应用; 在AndroidMenifest.xml文件中，将相应组件的&ldquo;android:exported&rdquo;属性设置为&ldquo;false&rdquo;,如下示例：<br />&nbsp; &nbsp; &nbsp; &nbsp; android:exported=&quot;false&quot;&gt;<br />&nbsp; &nbsp;<br />&nbsp; &nbsp; &nbsp; &nbsp;<br />&nbsp; &nbsp;</li><li>建议intent处理数据时进行捕获异常<br />建议处理通过Intent.getXXXExtra()获取的数据时进行以下判断，以及用try catch方式进行捕获所有异常，以防止应用出现拒绝服务漏洞：<br />1) 空指针异常；<br />2) 类型转换异常；<br />3) 数组越界访问异常；<br />4) 类未定义异常；<br />5) 其他异常；</li></ol>', '<p>[1] http://jaq.alibaba.com/blog.htm?id=55<br />[2] http://developer.android.com/reference/android/content/Intent.html<br />[3] Android APP 通用型拒绝服务漏洞分析报告</p>', 0),
(7, 1, '信息泄露/drozer审计', 'Activity组件暴露风险', 4, '<p><!--StartFragment-->Activity接口可被其它应用调用，存在被用于执行特定的敏感操作或钓鱼欺骗的风险。<br /><!--EndFragment--></p>', '<p>可以借助drozer工具进行检测。</p>', '<p>所有Android App均可能存在此风险。</p>', '<ol><li>无需暴露的组件请设置exported=false；</li><li>若需要外部调用，建议添加自定义signature或signatureOrSystem级别的私有权限保护；</li><li>需要暴露的组件请严格检查输入参数，避免应用出现拒绝服务。</li></ol><p><!--EndFragment--></p>', '<p>[1] http://drops.wooyun.org/tips/3936</p>', 1),
(8, 1, '信息泄露/drozer审计', 'Service组件暴露风险', 4, '<p>Service接口可被其它应用调用，这可能导致敏感信息泄露</p>', '<p>drozer审计</p>', '<p>所有Anddroid App均可能存在此风险</p>', '<ol><li>无需暴露的组件请设置exported=false；</li><li>若需要外部调用，建议添加自定义signature或signatureOrSystem级别的私有权限保护；</li><li>需要暴露的组件请严格检查输入参数，避免应用出现拒绝服务。</li></ol>', '<p>[1] http://drops.wooyun.org/tips/3936</p>', 1),
(9, 1, '信息泄露/drozer审计', 'BroadcastReceiver组件暴露风险', 4, '<p>BroadcastReceiver接口可被外部调用，这可能导致敏感信息泄露。</p>', '<p>可以借助drozer工具进行检测。</p>', '<p>所有Android App均可能存在此风险。</p>', '<ol><li>无需暴露的组件请设置exported=false；</li><li>若需要外部调用，建议添加自定义signature或signatureOrSystem级别的私有权限保护；</li><li>需要暴露的组件请严格检查输入参数，避免应用出现拒绝服务。</li><li>进程内动态广播注册建议使用LocalBroadcastManager；或者使用registerReceiver(BroadcastReceiver, IntentFilter, broadcastPermission, Handler)替代registerReceiver(BroadcastReceiver, IntentFilter)</li></ol>', '<p>[1] http://drops.wooyun.org/tips/3936</p>', 1),
(10, 1, '信息泄露/drozer审计', 'ContentProvider组件暴露风险', 4, '<p>ContentProvider接口可被其它应用调用， 这可能导致敏感信息泄露。</p>', '<p>可以借助drozer工具进行检测。</p>', '<p>所有Android App均可能存在此风险。</p>', '<ol><li>无需暴露的组件请设置exported=false；</li><li>若需要外部调用，建议添加自定义signature或signatureOrSystem级别的私有权限保护；</li><li>需要暴露的组件请严格检查输入参数，避免应用出现拒绝服务。</li></ol>', '<p>[1] http://drops.wooyun.org/tips/3936</p>', 1),
(11, 3, '权限审计', '自定义权限滥用风险', 3, '<p>以下权限为normal权限,可能导致敏感信息泄露</p>', '', '', '<p>建议修改为signature或者signatureOrSystem</p>', '', 1),
(12, 2, '静态破解/反钓鱼保护', 'App二次打包风险', 7, '<p>&ldquo;Android APP二次打包&rdquo;则是盗版正规Android APP，破解后植入恶意代码重新打包。不管从性能、用户体验、外观它都跟正规APP一模一样但是背后它确悄悄运行着可怕的程序，它会在不知不觉中浪费手机电量、流量，恶意扣费、偷窥隐私等等行为。<br />&nbsp;</p>', '<p>对App进行解包、反编译等操作，注入代码，从新进行打包签名并且App能够正常运行。</p>', '<p>Android所有版本</p>', '<ol><li>程序内部在启动的时候可以通过获取APK本身的签名然后和正确的签名做对比来识别自己是否被二次打包</li></ol>', '<ul><li>参考资料：<br />[1] http://www.ijiami.cn/newsInfo?id=280</li></ul>', 1),
(13, 3, '权限审计', '私有配置文件读写风险', 5, '', '', '', '<p>建议禁用全局写操作 改为MODE_PRIVATE</p>', '', 0),
(14, 2, '远程执行', 'Android WebView 远程代码执行漏洞（CVE-2014-1939）', 6, '<p>在4.0至4.2的Android系统上，Webview会增加searchBoxJavaBredge_，导致远程代码执行。攻击者可以向页面植入Javascript，通过反射在客户端中执行任意恶意代码。</p>', '<p>N/A</p>', '<p><strong><a href="http://droidsploit.baidu.com/os-9.html">Android 4.3</a>&nbsp;<a href="http://droidsploit.baidu.com/os-8.html">Android 4.2</a>&nbsp;<a href="http://droidsploit.baidu.com/os-7.html">Android 4.1</a>&nbsp;<a href="http://droidsploit.baidu.com/os-6.html">Android 4.0</a></strong></p>', '<p>从Android 4.4&nbsp;版本开始，Google使用Chromium的项目的实现替换了之前单纯基于WebKit的WebView[4]，此问题从Android4.4&nbsp;版本开始不存在。</p>', '<ul><li><strong>漏洞信息:</strong><br />[1] <a href="http://droidsploit.baidu.com/view/14021001.html">http://droidsploit.baidu.com/view/14021001.html</a><br />[2] <a href="http://cve.scap.org.cn/CVE-2014-1939.html">http://cve.scap.org.cn/CVE-2014-1939.html</a></li><li><strong>参考资料：</strong><br />[1] <a href="http://cve.mitre.org/cgi-bin/cvename.cgi?name=CVE-2014-1939">http://cve.mitre.org/cgi-bin/cvename.cgi?name=CVE-2014-1939</a><br />[2] <a href="http://openwall.com/lists/oss-security/2014/02/11/2">http://openwall.com/lists/oss-security/2014/02/11/2</a><br />[3] <a href="https://android.googlesource.com/platform/frameworks/base/+/jb-release/core/java/android/webkit/SearchBoxImpl.java">https://android.googlesource.com/platform/frameworks/base/+/jb-release/core/java/android/webkit/SearchBoxImpl.java</a><br />[4] <a href="http://cve.mitre.org/cgi-bin/cvename.cgi?name=CVE-2012-6636">http://cve.mitre.org/cgi-bin/cvename.cgi?name=CVE-2012-6636</a><br />[5] <a href="http://drops.wooyun.org/webview.html">http://drops.w', 1),
(15, 3, '签名检测/完整性校验', '安装包签名检测', 5, '<p>检测客户端是否经过恰当签名（正常情况下应用都应该是签名的，否则无法安装），签名的CN及其他字段是否正确标识客户端程序的来源和发布者身份。</p>', '<p>sign tools</p>', '<p>所有APP</p>', '<p>如果发现应用程序的签名被修改，说明该APK应用经过篡改，建议重新打包生成一个新的APK应用，再进行签名。</p>', '<p>[1] http://anquan.baidu.com/bbs/thread-142260-1-1.html</p>', 1),
(16, 3, '权限审计', '检测私有目录下文件权限', 4, '<p>测试APK应用私有目录下的文件权限，确保APP本身应用访问控制的安全，阻止第三方APP应用的非法访问等。</p>', '', '', '<p>如果检测不安全则建议修改相关文件的权限，Linux系统下可以使用chmod命令。</p>', '', 1),
(17, 3, '敏感信息泄露', '检测客户端是否保存明文敏感信息（SharedPreferences配置文件）', 5, '<p>检测客户端SharedPreferences配置文件是否保存明文敏感信息。</p>', '', '', '<p>如果发现shared_prefs文件夹下存在敏感目录文件的话，则建议对相关敏感的信息进行加密。</p>', '', 1),
(18, 3, '敏感信息泄露', '检测客户端程序的敏感信息是否进行了加密，加密算法是否安全', 5, '<p>检查手机客户端程序的敏感信息是否进行了加密，加密算法是否安全。</p>', '', '', '<p>建议对客户端的相关敏感的信息进行安全加密，尽量使用强壮的加密算法，而非单次的hash散列算法（如MD5加密）或Base64加密等。</p>', '', 1),
(19, 3, '敏感信息泄露', '检测客户端储存在手机中的SQLite数据库文件安全', 5, '<p>检查客户端程序存储在手机中的 SQLite数据库文件。</p>', '', '', '<p>建议对客户端SQLite数据库中的相关敏感的信息进行安全加密，尽量使用强壮的加密算法，而非单次的hash散列算法（如MD5加密）或Base64加密等。</p>', '', 1),
(20, 3, '敏感信息泄露', '检测客户端其他文件存储数据安全', 5, '<p>检查客户端程序的其他文件存储数据。</p>', '', '', '<p>建议客户端尽量不保存相关敏感的信息，如果确实需要则建议采用强壮的加密算法，而非单次的hash散列算法（如MD5加密）或Base64加密等。</p>', '', 1),
(21, 3, '敏感信息泄露', '检测客户端logcat日志是否包含敏感信息', 5, '<p>检查客户端程序存储在手机中的日志，是否存在敏感信息。</p>', '', '', '<p>如果在logcat日志中检测到敏感信息则建议logcat日志在发行版本中对敏感信息如（用户名、账号等）不进行打印输出，防止敏感信息通过日志泄露。</p>', '', 1),
(22, 3, '敏感信息泄露', '检查是否具有摄像头、屏幕截屏调用权限', 2, '<p>测试客户端应用的权限，检测app是否具有截屏、摄像头权限</p>', '<p>通过检查APK应用AndroidManifest.xml文件中uses-permission的权限，发现是否具有截屏（android.permission.ACCESS_SURFACE_FLINGER）、摄像头权限（android.permission.CAMERA）</p>', '', '<p>自行判断检测项</p>', '', 1),
(23, 3, '敏感权限使用', '检查是否具有SMS相关权限', 2, '<p>测试客户端应用的权限，是否具有调用短信发送的权限。</p>', '<p>通过检查APK应用AndroidManifest.xml文件中是否具有调用与SMS有关的权限。</p>', '', '<p>自行判断该测试项</p>', '', 1),
(24, 3, '敏感权限使用', '检查是否具有防休眠/熄屏权限', 2, '<p>测试客户端应用的权限，是否具有自动进入休眠/熄屏状态的权限</p>', '<p>通过检查APK应用AndroidManifest.xml文件中是否具有android.permission.WAKE_LOCK和android.permission.WRITE_SETTINGS有关的权限</p>', '', '<p>自行判断该测试项</p>', '', 1),
(25, 3, '敏感权限使用', '检查是否具有其它敏感权限', 2, '<p>通过检查APK应用中AndroidManifest.xml文件与android通用权限的列表，看APK应用中是否具有非法的其它权限</p>', '<p>提取APK应用AndroidManifest.xml文件权限列表</p>', '', '<p>自行判断该测试项</p>', '', 1),
(26, 1, '信息泄露/drozer审计', 'AttackSurface攻击面审计', 5, '<p>检测App相关组件包括activities、broadcast receivers、content providers、services等组件有多少处于暴露状态。</p>', '<p>利用Drozer进行安全审计</p><p>run app.package.attacksurface packageName</p>', '<p>所有App</p>', '<ol><li>无需暴露的组件请设置exported=false；</li><li>若需要外部调用，建议添加自定义signature或signatureOrSystem级别的私有权限保护；</li><li>需要暴露的组件请严格检查输入参数，避免应用出现拒绝服务。</li></ol>', '', 1),
(27, 1, 'SQL注入/drozer审计', 'Content Providers SQL注入自动扫描审计', 5, '<p>Content Providers SQL注入自动扫描审计</p>', '<p>使用drozer的scanner.provider.injection模块进行审计</p>', '', '', '', 1);

/*!40101 SET CHARACTER_SET_CLIENT=@OLD_CHARACTER_SET_CLIENT */;
/*!40101 SET CHARACTER_SET_RESULTS=@OLD_CHARACTER_SET_RESULTS */;
/*!40101 SET COLLATION_CONNECTION=@OLD_COLLATION_CONNECTION */;
